ref_persistent:string,ref_dynamic:string,ref_link:string,invoke_kind:INT,pers_icon:string,dyn_icon:string,datatype:INT,ref_desc:string,proposed:INT
|null|,|appendChild|,|/xml/reference/scriptref/XMLDOMNode_appendChild.htm|,1,|null|,|/workshop/graphics/method.gif|,1,|Appends <i>newChild</i> as the last child of this node.|,0
|null|,|cloneNode|,|/xml/reference/scriptref/XMLDOMNode_cloneNode.htm|,1,|null|,|/workshop/graphics/method.gif|,1,|Creates a new node that is an exact clone of this node.|,0
|null|,|hasChildNodes|,|/xml/reference/scriptref/XMLDOMNode_hasChildNodes.htm|,1,|null|,|/workshop/graphics/method.gif|,1,|Returns true if this node has children.|,0
|null|,|insertBefore|,|/xml/reference/scriptref/XMLDOMNode_insertBefore.htm|,1,|null|,|/workshop/graphics/method.gif|,1,|Inserts a child node to the left of the specified node or at the end of the list.|,0
|null|,|removeChild|,|/xml/reference/scriptref/XMLDOMNode_removeChild.htm|,1,|null|,|/workshop/graphics/method.gif|,1,|Removes the specified child node from the list of children and returns it.|,0
|null|,|replaceChild|,|/xml/reference/scriptref/XMLDOMNode_replaceChild.htm|,1,|null|,|/workshop/graphics/method.gif|,1,|Replaces the specified old child node with the supplied new child node in the set of children of this node, and returns the old child node.|,0
|null|,|selectNodes|,|/xml/reference/scriptref/XMLDOMNode_selectNodes.htm|,1,|null|,|/workshop/graphics/method.gif|,1,|Applies the specified pattern-matching operation to this node's context and returns the list of matching nodes.|,1
|null|,|selectSingleNode|,|/xml/reference/scriptref/XMLDOMNode_selectSingleNode.htm|,1,|null|,|/workshop/graphics/method.gif|,1,|Applies the specified pattern-matching operation to this node's context and returns the first matching node.|,1
|null|,|transformNode|,|/xml/reference/scriptref/XMLDOMNode_transformNode.htm|,1,|null|,|/workshop/graphics/method.gif|,1,|Processes this node and its children using the supplied XSL style sheet, and returns the resulting transformation.|,1
|null|,|transformNodeToObject|,|/xml/reference/scriptref/XMLDOMNode_transformNodeToObject.htm|,1,|null|,|/workshop/graphics/method.gif|,1,|Processes this node and its children using the supplied XSL style sheet, and returns the resulting transformation in the supplied object.|,1
|null|,|attributes|,|/xml/reference/scriptref/XMLDOMNode_attributes.htm|,2,|null|,|/workshop/graphics/prop_ro.gif|,1,|Contains the list of attributes for this node.|,0
|null|,|baseName|,|/xml/reference/scriptref/XMLDOMNode_baseName.htm|,2,|null|,|/workshop/graphics/prop_ro.gif|,1,|Returns the base name for the name qualified with the namespace.|,1
|null|,|childNodes|,|/xml/reference/scriptref/XMLDOMNode_childNodes.htm|,2,|null|,|/workshop/graphics/prop_ro.gif|,1,|Contains a node list containing the children (for nodes that can have children).|,0
|null|,|dataType|,|/xml/reference/scriptref/XMLDOMNode_dataType.htm|,6,|null|,|/workshop/graphics/prop_rw.gif|,1,|Specifies the data type for this node.|,1
|null|,|definition|,|/xml/reference/scriptref/XMLDOMNode_definition.htm|,2,|null|,|/workshop/graphics/prop_ro.gif|,1,|Returns the definition of the node in the DTD or schema.|,1
|null|,|entities|,|/xml/reference/scriptref/XMLDOMDocumentType_entities.htm|,2,|null|,|/workshop/graphics/prop_ro.gif|,1,|Contains a list of the entities, both external and internal, that are declared in the document type declaration.|,0
|null|,|firstChild|,|/xml/reference/scriptref/XMLDOMNode_firstChild.htm|,2,|null|,|/workshop/graphics/prop_ro.gif|,1,|Contains the first child of this node.|,0
|null|,|lastChild|,|/xml/reference/scriptref/XMLDOMNode_lastChild.htm|,2,|null|,|/workshop/graphics/prop_ro.gif|,1,|Returns the last child node.|,0
|null|,|name|,|/xml/reference/scriptref/XMLDOMDocumentType_name.htm|,2,|null|,|/workshop/graphics/prop_ro.gif|,1,|Contains the name of the document type.|,0
|null|,|namespaceURI|,|/xml/reference/scriptref/XMLDOMNode_namespaceURI.htm|,2,|null|,|/workshop/graphics/prop_ro.gif|,1,|Returns the URI for the namespace.|,1
|null|,|nextSibling|,|/xml/reference/scriptref/XMLDOMNode_nextSibling.htm|,2,|null|,|/workshop/graphics/prop_ro.gif|,1,|Contains the next sibling of this node in the parent's child list.|,0
|null|,|nodeName|,|/xml/reference/scriptref/XMLDOMNode_nodeName.htm|,2,|null|,|/workshop/graphics/prop_ro.gif|,1,|Contains the qualified name of the element, attribute, or entity reference, or a fixed string for other node types.|,0
|null|,|nodeType|,|/xml/reference/scriptref/XMLDOMNode_nodeType.htm|,2,|null|,|/workshop/graphics/prop_ro.gif|,1,|Specifies the XML DOM node type, which determines valid values and whether the node can have child nodes.|,0
|null|,|nodeTypedValue|,|/xml/reference/scriptref/XMLDOMNode_nodeTypedValue.htm|,6,|null|,|/workshop/graphics/prop_rw.gif|,1,|Contains this node's value expressed in its defined data type.|,1
|null|,|nodeTypeString|,|/xml/reference/scriptref/XMLDOMNode_nodeTypeString.htm|,2,|null|,|/workshop/graphics/prop_ro.gif|,1,|Returns the node type in string form.|,1
|null|,|nodeValue|,|/xml/reference/scriptref/XMLDOMNode_nodeValue.htm|,6,|null|,|/workshop/graphics/prop_rw.gif|,1,|Contains the text associated with the node.|,0
|null|,|notations|,|/xml/reference/scriptref/XMLDOMDocumentType_notations.htm|,2,|null|,|/workshop/graphics/prop_ro.gif|,1,|Contains a list of the <a href="/xml/reference/scriptref/XMLDOMNotation_object.htm">XMLDOMNotation</a> objects present in the document type declaration.|,0
|null|,|ownerDocument|,|/xml/reference/scriptref/XMLDOMNode_ownerDocument.htm|,2,|null|,|/workshop/graphics/prop_ro.gif|,1,|Returns the root of the document that contains this node.|,0
|null|,|parentNode|,|/xml/reference/scriptref/XMLDOMNode_parentNode.htm|,2,|null|,|/workshop/graphics/prop_ro.gif|,1,|Contains the parent node (for nodes that can have parents).|,0
|null|,|parsed|,|/xml/reference/scriptref/XMLDOMNode_parsed.htm|,2,|null|,|/workshop/graphics/prop_ro.gif|,1,|Contains true if this node and all descendants have been parsed and instantiated, or false if any nodes remain to be parsed.|,1
|null|,|prefix|,|/xml/reference/scriptref/XMLDOMNode_prefix.htm|,2,|null|,|/workshop/graphics/prop_ro.gif|,1,|Returns the namespace prefix.|,1
|null|,|previousSibling|,|/xml/reference/scriptref/XMLDOMNode_previousSibling.htm|,2,|null|,|/workshop/graphics/prop_ro.gif|,1,|Contains the left sibling of this node.|,0
|null|,|specified|,|/xml/reference/scriptref/XMLDOMNode_specified.htm|,2,|null|,|/workshop/graphics/prop_ro.gif|,1,|Indicates whether the node (usually an attribute) is explicitly specified or derived from a default value in the DTD or schema.|,1
|null|,|text|,|/xml/reference/scriptref/XMLDOMNode_text.htm|,6,|null|,|/workshop/graphics/prop_rw.gif|,1,|Contains the text content of the node and its subtrees.|,1
|null|,|xml|,|/xml/reference/scriptref/XMLDOMNode_xml.htm|,2,|null|,|/workshop/graphics/prop_ro.gif|,1,|Contains the XML representation of the node and all its descendants.|,1
